Id;Company;Job Title;Location;Published Date;Job Link;Logo;Category;Company Life URL;Industry;Platform;Company_Match;Score;Job Link_Match;Destination URL;Work Mode;Tags;Capture Date;City;State;UF;Region;Country;Continent;Keywords
1;A.C.Camargo Cancer Center;COORDENADOR PROJETOS;São Paulo (SP);08/05 10:00;https://www.linkedin.com/jobs/view/4411833975/;https://media.licdn.com/dms/image/v2/D4D0BAQEYnwtKr6hI-w/company-logo_100_100/company-logo_100_100/0/1726515191454/accamargo_logo?e=1779926400&v=beta&t=DUjuroCL74uXSoL6XPd-ZTh3C1rjBYOYpxYn85Bijyg;Middle > Manager;https://www.linkedin.com/company/a-c-camargo-cancer-center/about/;Marketing;LinkedIn (Easy Apply);a.c.camargo cancer center;1.0;https://www.linkedin.com/jobs/view/4411833975/;https://www.linkedin.com/jobs/view/4411833975/;On-site;Mid, Liderança/Gerência;08/05/2026;São Paulo;São Paulo;SP;Região Sudeste;Brasil;América do Sul;gerente projetos
2;Agrosys Tecnologia | Tecnologia em Agronegócio;Líder de Projeto Implantação;Criciúma (SC);07/05 22:00;https://www.linkedin.com/jobs/view/4410866833/;https://media.licdn.com/dms/image/v2/C4E0BAQFcgOWM1UBxJw/company-logo_100_100/company-logo_100_100/0/1630577403696/agrosystecnologia_logo?e=1779926400&v=beta&t=s5tcFAT4ASgAeHV1WLPaE-Axf0Z-5vNXZ20LzjBfCYE;-;https://www.linkedin.com/company/agrosys-tecnologia-tecnologia-em-agroneg-cio/about/;Agribusiness;;agrosys tecnologia | tecnologia em agronegócio;1;https://www.linkedin.com/jobs/view/4410866833/;https://www.linkedin.com/jobs/view/4410866833/;On-site;Mid, Liderança/Gerência, Coach, Implementação;08/05/2026;Criciúma;Santa Catarina;SC;Região Sul;Brasil;América do Sul;gerente projetos
3;Atmosera;Project Manager (Remote - LATAM);América Latina;07/05 17:00;https://www.linkedin.com/jobs/view/4409099197/;https://media.licdn.com/dms/image/v2/D560BAQGZeZDLzKVxTw/company-logo_100_100/company-logo_100_100/0/1688493758274?e=1779926400&v=beta&t=gxfDAVFjz48JRQe1-MJD0OwcmiuZ5i6OV7vbpIz0_sk;Portfolio > Projetos > Project Manager;https://www.linkedin.com/company/atmosera/about/;Marketing;Lever;atmosera;1.0;https://www.linkedin.com/jobs/view/4409099197/;https://www.linkedin.com/jobs/view/4409099197/;Remote;Liderança/Gerência;08/05/2026;;;;;;América Latina;gerente projetos
4;Atual - Excelência em Gestão Empresarial;Gerente de Projetos;Grande Belo Horizonte (MG);08/05 04:00;https://www.linkedin.com/jobs/view/4409682309/;https://media.licdn.com/dms/image/v2/C4D0BAQEsEuiRN_YjgA/company-logo_100_100/company-logo_100_100/0/1631309280191?e=1779926400&v=beta&t=_8M8JIoj5qM1-IrDA3GuCYjl6oWrG9svdA7EQyBIUKw;Middle > Manager;https://www.linkedin.com/company/atual-excel-ncia-em-gest-o-empresarial/about/;Marketing;;atual - excelência em gestão empresarial;1;https://www.linkedin.com/jobs/view/4409682309/;https://www.linkedin.com/jobs/view/4409682309/;On-site;Mid, Liderança/Gerência;08/05/2026;;Minas Gerais;MG;Região Sudeste;Brasil;América do Sul;gerente projetos
5;AÇOS NOGUEIRA;Assistente de PCP;Guarulhos (SP);08/05 04:00;https://www.linkedin.com/jobs/view/4409685125/;https://media.licdn.com/dms/image/v2/D4E0BAQHzrhEH2NRk3A/company-logo_100_100/company-logo_100_100/0/1686146650982/acos_nogueira_logo?e=1779926400&v=beta&t=NGxG_oC9TByOBR94L2qXSdH6Jr4OeOok7jydJ6db3wc;-;https://www.linkedin.com/company/a-os-nogueira/about/;Other;;aços nogueira;1;https://www.linkedin.com/jobs/view/4409685125/;https://www.linkedin.com/jobs/view/4409685125/;On-site;Associate, PCP;08/05/2026;Guarulhos;São Paulo;SP;Região Sudeste;Brasil;América do Sul;gerente projetos
6;Baker Hughes;Product Manager - Project Specialist;Rio de Janeiro (RJ);07/05 17:00;https://www.linkedin.com/jobs/view/4411688904/;https://media.licdn.com/dms/image/v2/C4E0BAQE4CJSgGjKt_w/company-logo_100_100/company-logo_100_100/0/1630655649902/bakerhughes_logo?e=1779926400&v=beta&t=ggI36dcBQZMxcQA0XzDpiIatpYCPNOYql-zy-nvsHI0;Produtos > Product Manager;https://www.linkedin.com/company/baker-hughes/about/;Marketing;careers.bakerhughes.com;baker hughes;1.0;https://www.linkedin.com/jobs/view/4411688904/;https://www.linkedin.com/jobs/view/4411688904/;Hybrid;Specialist, Liderança/Gerência, Product Owner/Product Manager;08/05/2026;Rio de Janeiro;Rio de Janeiro;RJ;Região Sudeste;Brasil;América do Sul;gerente projetos
7;Brivia;Consultor(A) EAM Sênior | SAP PM Sênior - Remoto;Brasil;07/05 21:00;https://www.linkedin.com/jobs/view/4411732431/;https://media.licdn.com/dms/image/v2/D4D0BAQHDPtx0BOYJUQ/company-logo_100_100/company-logo_100_100/0/1688563882724/briviagroup_logo?e=1779926400&v=beta&t=QAc2mejH3iLLqw5XHIsxUILZj_E6l8pLZlZOa8Y_kJo;Produtos > Product Manager;https://www.linkedin.com/company/brivia/about/;Other;;brivia;1.0;https://www.linkedin.com/jobs/view/4411732431/;https://www.linkedin.com/jobs/view/4411732431/;Remote;Senior, Consultor, SAP, Product Owner/Product Manager;08/05/2026;;;;;Brasil;América do Sul;gerente projetos
8;CRAF Tech;Agile Master Sênior;São Paulo (SP);07/05 22:00;https://www.linkedin.com/jobs/view/4410876753/;https://media.licdn.com/dms/image/v2/D4D0BAQFpjSQKCmv1Lw/company-logo_100_100/B4DZly4cEdJEAU-/0/1758569022329?e=1779926400&v=beta&t=5BuYfmfxgRNbd97hZi174kA8S4EWTCUke66jRwTPDqo;Agility > Scrum Master;https://www.linkedin.com/company/craf-tech/about/;IT;;craf tech;1;https://www.linkedin.com/jobs/view/4410876753/;https://www.linkedin.com/jobs/view/4410876753/;Hybrid;Senior, Scrum/Agile;08/05/2026;São Paulo;São Paulo;SP;Região Sudeste;Brasil;América do Sul;gerente projetos
9;Capco;Analista de Processos - Rio de Janeiro - Híbrido;Grande Rio de Janeiro (RJ);07/05 16:00;https://www.linkedin.com/jobs/view/4365114201/;https://media.licdn.com/dms/image/v2/D560BAQGRr0gl6aqDEQ/company-logo_100_100/B56ZfLXYIjHUAQ-/0/1751463592988/capco_logo?e=1779926400&v=beta&t=vIzudM_ZPBxzROnQPPvK_ZYrZfLLU8U6rHe2hqevhcU;Advanced > Process & Automation;https://www.linkedin.com/company/capco/about/;Marketing;Greenhouse;capco;1.0;https://www.linkedin.com/jobs/view/4365114201/;https://www.linkedin.com/jobs/view/4365114201/;Hybrid;Associate, Processos/Excelência;08/05/2026;;Rio de Janeiro;RJ;Região Sudeste;Brasil;América do Sul;gerente projetos
10;Caterpillar Inc.;Lead Digital Project Manager;Piracicaba (SP);07/05 16:00;https://www.linkedin.com/jobs/view/4410061286/;https://media.licdn.com/dms/image/v2/D4E0BAQGezvfCH-inoA/company-logo_100_100/B4EZuz4cAhKgAU-/0/1768249475691/caterpillar_inc_logo?e=1779926400&v=beta&t=sW8bDi3Qx9ChN9TYNnb6hHXKY0BeDbzSKDQRVb9fyg0;Portfolio > Projetos > Project Manager;https://www.linkedin.com/company/caterpillar-inc/about/;IT;careers.caterpillar.com;caterpillar inc.;1.0;https://www.linkedin.com/jobs/view/4410061286/;https://www.linkedin.com/jobs/view/4410061286/;On-site;Mid, Liderança/Gerência, TI/Tech;08/05/2026;Piracicaba;São Paulo;SP;Região Sudeste;Brasil;América do Sul;gerente projetos
11;Caterpillar Inc.;Sr. Digital Project Manager;Piracicaba (SP);07/05 16:00;https://www.linkedin.com/jobs/view/4410075095/;https://media.licdn.com/dms/image/v2/D4E0BAQGezvfCH-inoA/company-logo_100_100/B4EZuz4cAhKgAU-/0/1768249475691/caterpillar_inc_logo?e=1779926400&v=beta&t=sW8bDi3Qx9ChN9TYNnb6hHXKY0BeDbzSKDQRVb9fyg0;Portfolio > Projetos > Project Manager;https://www.linkedin.com/company/caterpillar-inc/about/;IT;careers.caterpillar.com;caterpillar inc.;1.0;https://www.linkedin.com/jobs/view/4410075095/;https://www.linkedin.com/jobs/view/4410075095/;On-site;Senior, Liderança/Gerência, TI/Tech;08/05/2026;Piracicaba;São Paulo;SP;Região Sudeste;Brasil;América do Sul;gerente projetos
12;Caterpillar Inc.;Lead Digital Project Manager;São Paulo (SP);07/05 16:00;https://www.linkedin.com/jobs/view/4410077065/;https://media.licdn.com/dms/image/v2/D4E0BAQGezvfCH-inoA/company-logo_100_100/B4EZuz4cAhKgAU-/0/1768249475691/caterpillar_inc_logo?e=1779926400&v=beta&t=sW8bDi3Qx9ChN9TYNnb6hHXKY0BeDbzSKDQRVb9fyg0;Portfolio > Projetos > Project Manager;https://www.linkedin.com/company/caterpillar-inc/about/;IT;careers.caterpillar.com;caterpillar inc.;1.0;https://www.linkedin.com/jobs/view/4410077065/;https://www.linkedin.com/jobs/view/4410077065/;On-site;Mid, Liderança/Gerência, TI/Tech;08/05/2026;São Paulo;São Paulo;SP;Região Sudeste;Brasil;América do Sul;gerente projetos
13;Caylent;Project Manager;Brasil;07/05 16:00;https://www.linkedin.com/jobs/view/4402317078/;https://media.licdn.com/dms/image/v2/D560BAQE4WhSY33g_Ag/company-logo_100_100/company-logo_100_100/0/1734557363884/caylent_logo?e=1779926400&v=beta&t=alY0bKAgIjHZlWYVJndMQoDB9-1AhY1riCObl39zSSY;Portfolio > Projetos > Project Manager;https://www.linkedin.com/company/caylent/about/;Marketing;Greenhouse;caylent;3.0;https://www.linkedin.com/jobs/view/4402317078/;https://www.linkedin.com/jobs/view/4402317078/;Remote;Liderança/Gerência;08/05/2026;;;;;Brasil;América do Sul;gerente projetos
14;Cidade Center Norte;Analista de Projetos II (Desenvolvimento Imobiliário);São Paulo (SP);07/05 21:00;https://www.linkedin.com/jobs/view/4411837428/;https://media.licdn.com/dms/image/v2/D4D0BAQH3TYe3a-_X5g/company-logo_100_100/B4DZ1t6u.rHUAU-/0/1775665610049/cidadecenternorte_logo?e=1779926400&v=beta&t=IhgX8ChWQVTf_J3CbaZZoZt7B4BtHYASW5zYbRaZi38;Advanced > Specialist;https://www.linkedin.com/company/cidade-center-norte/about/;IT;;cidade center norte;1.0;https://www.linkedin.com/jobs/view/4411837428/;https://www.linkedin.com/jobs/view/4411837428/;On-site;Associate;08/05/2026;São Paulo;São Paulo;SP;Região Sudeste;Brasil;América do Sul;gerente projetos
15;Comgas;Analista Planejamento Projetos IV -  PMO;São Paulo (SP);08/05 07:00;https://www.linkedin.com/jobs/view/4411358218/;https://media.licdn.com/dms/image/v2/D4D0BAQG9-u_FSn6uEQ/company-logo_100_100/company-logo_100_100/0/1719842579180/comgas_logo?e=1779926400&v=beta&t=26BB0rO5cqicTTBcBOPljUQpF_ukUbGq73FrvJ26gos;Produtos > Product Manager;https://www.linkedin.com/company/comgas/about/;Energy;Gupy;comgas;1.0;https://www.linkedin.com/jobs/view/4411358218/;https://www.linkedin.com/jobs/view/4411358218/;Hybrid;Associate, PMO;08/05/2026;São Paulo;São Paulo;SP;Região Sudeste;Brasil;América do Sul;gerente projetos
16;Comgas;Analista Planejamento Projetos IV - PMO;São Paulo (SP);07/05 18:00;https://www.linkedin.com/jobs/view/4411818363/;https://media.licdn.com/dms/image/v2/D4D0BAQG9-u_FSn6uEQ/company-logo_100_100/company-logo_100_100/0/1719842579180/comgas_logo?e=1779926400&v=beta&t=26BB0rO5cqicTTBcBOPljUQpF_ukUbGq73FrvJ26gos;Produtos > Product Manager;https://www.linkedin.com/company/comgas/about/;Energy;Gupy;comgas;1.0;https://www.linkedin.com/jobs/view/4411818363/;https://www.linkedin.com/jobs/view/4411818363/;Hybrid;Associate, PMO;08/05/2026;São Paulo;São Paulo;SP;Região Sudeste;Brasil;América do Sul;gerente projetos
17;Consumidor Moderno;Gerente de Contas & Projetos;São Paulo (SP);07/05 20:00;https://www.linkedin.com/jobs/view/4410869536/;https://media.licdn.com/dms/image/v2/D4D0BAQFBOHsoIMtWCA/company-logo_100_100/B4DZxC9W7.J0AQ-/0/1770649907366/consumidor_moderno_logo?e=1779926400&v=beta&t=W06ciPoV8W9Y0D0tVLbdKrIjHCqh0ISHgp-Ifhcfo1c;Middle > Manager;https://www.linkedin.com/company/consumidor-moderno/about/;Marketing;;consumidor moderno;1;https://www.linkedin.com/jobs/view/4410869536/;https://www.linkedin.com/jobs/view/4410869536/;On-site;Mid, Liderança/Gerência;08/05/2026;São Paulo;São Paulo;SP;Região Sudeste;Brasil;América do Sul;gerente projetos
18;Deloitte;Coordenador de Projetos de Engenharia de Software - Recife;Recife (PE);07/05 21:00;https://www.linkedin.com/jobs/view/4411838524/;https://media.licdn.com/dms/image/v2/C560BAQGNtpblgQpJoQ/company-logo_100_100/company-logo_100_100/0/1662120928214/deloitte_logo?e=1779926400&v=beta&t=sb5CIIDkAhjUP4Atpcvhk6LwXlCGjs6rnfYSebYBBnI;Middle > Manager;https://www.linkedin.com/company/deloitte/about/;IT;Inhire;deloitte;4.0;https://www.linkedin.com/jobs/view/4411838524/;https://www.linkedin.com/jobs/view/4411838524/;Hybrid;Mid, Liderança/Gerência, TI/Tech, Engenharia Geral;08/05/2026;Recife;Pernambuco;PE;Região Nordeste;Brasil;América do Sul;gerente projetos
19;Deloitte;Gerente de Projetos de Engenharia de Software - Recife;Recife (PE);07/05 16:00;https://www.linkedin.com/jobs/view/4411836487/;https://media.licdn.com/dms/image/v2/C560BAQGNtpblgQpJoQ/company-logo_100_100/company-logo_100_100/0/1662120928214/deloitte_logo?e=1779926400&v=beta&t=sb5CIIDkAhjUP4Atpcvhk6LwXlCGjs6rnfYSebYBBnI;Middle > Manager;https://www.linkedin.com/company/deloitte/about/;IT;Inhire;deloitte;4.0;https://www.linkedin.com/jobs/view/4411836487/;https://www.linkedin.com/jobs/view/4411836487/;Hybrid;Mid, Liderança/Gerência, TI/Tech, Engenharia Geral;08/05/2026;Recife;Pernambuco;PE;Região Nordeste;Brasil;América do Sul;gerente projetos
20;Dematic;Especialista Gerenciamento de Projetos;Indaiatuba (SP);08/05 10:00;https://www.linkedin.com/jobs/view/4411378866/;https://media.licdn.com/dms/image/v2/D4D0BAQEpHlqFhufLGA/company-logo_100_100/B4DZ0klMNhJoAQ-/0/1774435223200/dematic_logo?e=1779926400&v=beta&t=nq_8vMhpCmNMCykUFCucJwvxLMMXiCb79vT3xH96gmE;Advanced > Specialist;https://www.linkedin.com/company/dematic/about/;IT;;dematic;1;https://www.linkedin.com/jobs/view/4411378866/;https://www.linkedin.com/jobs/view/4411378866/;On-site;Specialist;08/05/2026;Indaiatuba;São Paulo;SP;Região Sudeste;Brasil;América do Sul;gerente projetos
21;Dev.Pro;Intermediate Project Manager - OP02136;São Paulo (SP);08/05 14:00;https://www.linkedin.com/jobs/view/4412153103/;https://media.licdn.com/dms/image/v2/C4D0BAQFn2opu_8IJJQ/company-logo_100_100/company-logo_100_100/0/1651225884624/dev_pro_logo?e=1779926400&v=beta&t=J6h30wNf67bcfvAVuQwafmozwiWnjgM2LQdOPgTcnoc;Portfolio > Projetos > Project Manager;https://www.linkedin.com/company/dev-pro/about/;Marketing;LinkedIn (Easy Apply);dev.pro;1.0;https://www.linkedin.com/jobs/view/4412153103/;https://www.linkedin.com/jobs/view/4412153103/;Remote;Liderança/Gerência, Marketing/Mídia;08/05/2026;São Paulo;São Paulo;SP;Região Sudeste;Brasil;América do Sul;gerente projetos
22;EPI-USE Brasil;PMO Analyst SR.;Grande Rio de Janeiro (RJ);07/05 22:00;https://www.linkedin.com/jobs/view/4410877754/;https://media.licdn.com/dms/image/v2/D4D0BAQGZyxXuIFxnKg/company-logo_100_100/company-logo_100_100/0/1698870902817/epiuse_brasil_logo?e=1779926400&v=beta&t=CjnmosPFMnDD3m6jLq3QQrXWvCC0t-CkT1GtHkIvfyU;Produtos > Product Manager;https://www.linkedin.com/company/epi-use-brasil/about/;Other;;epi-use brasil;1.0;https://www.linkedin.com/jobs/view/4410877754/;https://www.linkedin.com/jobs/view/4410877754/;On-site;Senior, PMO;08/05/2026;;Rio de Janeiro;RJ;Região Sudeste;Brasil;América do Sul;gerente projetos
23;FASA (by Darling Ingredients);Analista Projetos Pleno;Cruzeiro do Sul (RS);08/05 16:00;https://www.linkedin.com/jobs/view/4412151823/;https://media.licdn.com/dms/image/v2/D4D0BAQE5FO0Pt9pI0A/company-logo_100_100/B4DZUY2R0pHAAU-/0/1739878637197/grupofasa_logo?e=1779926400&v=beta&t=jj1P-7WeSRQlIs674SpGAUPg56hxOK7dI1G7lMZXFqM;Advanced > Specialist;https://www.linkedin.com/company/fasa-by-darling-ingredients/about/;Marketing;;fasa (by darling ingredients);1;https://www.linkedin.com/jobs/view/4412151823/;https://www.linkedin.com/jobs/view/4412151823/;On-site;Mid, Associate;08/05/2026;Cruzeiro do Sul;Rio Grande do Sul;RS;Região Sul;Brasil;América do Sul;gerente projetos
24;Grupo EPR;Especialista de Projetos Rodoviários - PMO;Barueri (SP);07/05 16:00;https://www.linkedin.com/jobs/view/4370708372/;https://media.licdn.com/dms/image/v2/D4D0BAQG5fqmwuYrFkQ/company-logo_100_100/B4DZ3jL3B3JYAQ-/0/1777633030776?e=1779926400&v=beta&t=lie-c1NCwTCZ1xxHtjUOXLr7hVu5BqWY9OGX2bGN_dE;Produtos > Product Manager;https://www.linkedin.com/company/grupo-epr/about/;Marketing;Totvs;grupo epr;1.0;https://www.linkedin.com/jobs/view/4370708372/;https://www.linkedin.com/jobs/view/4370708372/;On-site;Specialist, PMO, Obras/Engenharia Civil;08/05/2026;Barueri;São Paulo;SP;Região Sudeste;Brasil;América do Sul;gerente projetos
25;Grupo Tigre;Líder de Projetos I;Joinville (SC);08/05 16:00;https://www.linkedin.com/jobs/view/4412175104/;https://media.licdn.com/dms/image/v2/D4D0BAQFE45vjDC9oGA/company-logo_100_100/company-logo_100_100/0/1723724338958/grupo_tigre_logo?e=1779926400&v=beta&t=S7uqWh3n-oUhVMccFAosPBhdJrsPbQxbYqEe31ZX6lc;-;https://www.linkedin.com/company/grupo-tigre/about/;IT;Gupy;grupo tigre;1.0;https://www.linkedin.com/jobs/view/4412175104/;https://www.linkedin.com/jobs/view/4412175104/;Hybrid;Mid, Liderança/Gerência, Coach;08/05/2026;Joinville;Santa Catarina;SC;Região Sul;Brasil;América do Sul;gerente projetos
26;Hcor;Analista de Projetos Sr.;São Paulo (SP);07/05 18:00;https://www.linkedin.com/jobs/view/4411800875/;https://media.licdn.com/dms/image/v2/D4D0BAQFvCd6AZOOiug/company-logo_100_100/B4DZo.2S6yH0AQ-/0/1761991012727?e=1779926400&v=beta&t=rkY0J5KXCTEbVIoscMt2DHTSBPHcFrz3RpGtrTE7sCg;Advanced > Specialist;https://www.linkedin.com/company/hcor/about/;Marketing;LinkedIn (Easy Apply);hcor;2.0;https://www.linkedin.com/jobs/view/4411800875/;https://www.linkedin.com/jobs/view/4411800875/;Hybrid;Senior, Associate;08/05/2026;São Paulo;São Paulo;SP;Região Sudeste;Brasil;América do Sul;gerente projetos
27;Holafly;CX Project & Incident Manager;América Latina;08/05 02:00;https://www.linkedin.com/jobs/view/4411016839/;https://media.licdn.com/dms/image/v2/D4E0BAQGW6Sg5Q2vJ4g/company-logo_100_100/company-logo_100_100/0/1693606299385/holafly_logo?e=1779926400&v=beta&t=nx38QALbJQHwLgGqxL51gBDqQofbcG9F5kVFdefAWv4;Middle > Manager;https://www.linkedin.com/company/holafly/about/;Marketing;;holafly;1;https://www.linkedin.com/jobs/view/4411016839/;https://www.linkedin.com/jobs/view/4411016839/;Remote;Liderança/Gerência;08/05/2026;;;;;;América Latina;gerente projetos
28;Hypeone;PMO (Operations Team);Grande São Paulo (SP) ;07/05 16:00;https://www.linkedin.com/jobs/view/4409618350/;https://media.licdn.com/dms/image/v2/D4D0BAQH5TngBcDOOCQ/company-logo_100_100/company-logo_100_100/0/1692717727549/hypeone_logo?e=1779926400&v=beta&t=SHw-roA1DYIEHp3XBtNAByuSHoStNq2f8lzYqvCIcss;Produtos > Product Manager;https://www.linkedin.com/company/hypeone/about/;IT;;hypeone;1;https://www.linkedin.com/jobs/view/4409618350/;https://www.linkedin.com/jobs/view/4409618350/;Hybrid;PMO;08/05/2026;;São Paulo;SP;Região Sudeste;Brasil;América do Sul;gerente projetos
29;ILHA SERVICE TECNOLOGIA LTDA.;Gerente de Projetos de TI;São Paulo (SP);08/05 00:00;https://www.linkedin.com/jobs/view/4411859518/;https://media.licdn.com/dms/image/v2/D4D0BAQHnOQ7CYPWviw/company-logo_100_100/B4DZ1zkt4tG0AQ-/0/1775760498739/ilhaservice_tecnologia_logo?e=1779926400&v=beta&t=e3cybaHOe-ACJIIhcFpljENsHCZLJiCWIyUXc5E3JfA;Middle > Manager;https://www.linkedin.com/company/ilha-service-tecnologia-ltda/about/;IT;;ilha service tecnologia ltda.;1.0;https://www.linkedin.com/jobs/view/4411859518/;https://www.linkedin.com/jobs/view/4411859518/;On-site;Mid, Liderança/Gerência, TI/Tech;08/05/2026;São Paulo;São Paulo;SP;Região Sudeste;Brasil;América do Sul;gerente projetos
30;IVTECH Engenharia;Analista de gestão de projetos;Curitiba (PR);08/05 16:00;https://www.linkedin.com/jobs/view/4412156672/;https://media.licdn.com/dms/image/v2/D4D0BAQEXnsepfcPqaw/company-logo_100_100/B4DZxXN5FZGQAQ-/0/1770989786086/ivtech_engenharia_logo?e=1779926400&v=beta&t=OXZmUgzS4cx2c7tXVj1HV0fbirv3LH0v1GslJMXzqd8;Advanced > Specialist;https://www.linkedin.com/company/ivtech-engenharia/about/;IT;;ivtech engenharia;1;https://www.linkedin.com/jobs/view/4412156672/;https://www.linkedin.com/jobs/view/4412156672/;On-site;Associate;08/05/2026;Curitiba;Paraná;PR;Região Sul;Brasil;América do Sul;gerente projetos
31;Insightful Consulting;Gerente de Projetos Sênior;Grande São Paulo (SP) ;08/05 15:00;https://www.linkedin.com/jobs/view/4412168100/;https://media.licdn.com/dms/image/v2/C4D0BAQF9D81ekOGfMA/company-logo_100_100/company-logo_100_100/0/1660845525962/verotthi_consultores_logo?e=1779926400&v=beta&t=lBWehfrUfpvm9drMBYkKWcFltREQMzKCfKGFwFUAEv0;Middle > Manager;https://www.linkedin.com/company/insightful-consulting/about/;Consulting;LinkedIn (Easy Apply);insightful consulting;1.0;https://www.linkedin.com/jobs/view/4412168100/;https://www.linkedin.com/jobs/view/4412168100/;Hybrid;Senior, Mid, Liderança/Gerência;08/05/2026;;São Paulo;SP;Região Sudeste;Brasil;América do Sul;gerente projetos
32;KPMG Brazil;Especialia PMO - Sao Paulo- SP (Presencial);São Paulo (SP);07/05 21:00;https://www.linkedin.com/jobs/view/4411736313/;https://media.licdn.com/dms/image/v2/D4D0BAQHkowtw04N-Cg/company-logo_100_100/B4DZgOWPycHYAU-/0/1752587370080/kpmg_brasil_logo?e=1779926400&v=beta&t=Rhgjup_KOYwMlMG4zzbVy5sviGiOOLHji9u0MkBBmWs;Produtos > Product Manager;https://www.linkedin.com/company/kpmg-brazil/about/;Marketing;Inhire;kpmg brazil;1.0;https://www.linkedin.com/jobs/view/4411736313/;https://www.linkedin.com/jobs/view/4411736313/;Hybrid;Specialist, PMO;08/05/2026;São Paulo;São Paulo;SP;Região Sudeste;Brasil;América do Sul;gerente projetos
33;Kraken;Senior Technical Project Manager - Core Infrastructure;Brasil;07/05 16:00;https://www.linkedin.com/jobs/view/4370765928/;https://media.licdn.com/dms/image/v2/D4E0BAQFm8yg0gGJN1A/company-logo_100_100/company-logo_100_100/0/1697458897774/krakenfx_logo?e=1779926400&v=beta&t=C3vUsa8-XnCND2qy6tNX7Z0vHNoJCJ7xwnCOSSZrG0c;Portfolio > Projetos > Project Manager;https://www.linkedin.com/company/kraken/about/;Infrastructure;jobs.ashbyhq.com;kraken;1.0;https://www.linkedin.com/jobs/view/4370765928/;https://www.linkedin.com/jobs/view/4370765928/;Remote;Senior, Liderança/Gerência, TI/Tech;08/05/2026;;;;;Brasil;América do Sul;gerente projetos
34;Lenovo;Analista de Projetos Pl;Indaiatuba (SP);07/05 16:00;https://www.linkedin.com/jobs/view/4402319704/;https://media.licdn.com/dms/image/v2/C560BAQHwodgzuPCrOA/company-logo_100_100/company-logo_100_100/0/1659011656349/lenovo_logo?e=1779926400&v=beta&t=xUIF7OxqwGUN37erfgXvsO1smbNUSAiCEKfTcHUwh4c;Advanced > Specialist;https://www.linkedin.com/company/lenovo/about/;Marketing;jobs.lenovo.com;lenovo;3.0;https://www.linkedin.com/jobs/view/4402319704/;https://www.linkedin.com/jobs/view/4402319704/;On-site;Mid, Associate;08/05/2026;Indaiatuba;São Paulo;SP;Região Sudeste;Brasil;América do Sul;gerente projetos
35;Litz Estratégia e Marketing;Assistente de Projetos;Londrina (PR);08/05 11:00;https://www.linkedin.com/jobs/view/4411390936/;https://media.licdn.com/dms/image/v2/D4D0BAQGSWxsKwQUbFQ/company-logo_100_100/company-logo_100_100/0/1690308034179/litz_estratgia_logo?e=1779926400&v=beta&t=OrIAFwBm1_2zoQMZJgwIopzHazwbiatg_gMn-x3fwZQ;-;https://www.linkedin.com/company/litz-estrat-gia-e-marketing/about/;IT;;litz estratégia e marketing;1;https://www.linkedin.com/jobs/view/4411390936/;https://www.linkedin.com/jobs/view/4411390936/;On-site;Associate;08/05/2026;Londrina;Paraná;PR;Região Sul;Brasil;América do Sul;gerente projetos
36;MCI BRASIL;Project Manager - Events;São Paulo (SP);07/05 16:00;https://www.linkedin.com/jobs/view/4306856074/;https://media.licdn.com/dms/image/v2/C4D0BAQEQvN6E7z7GjQ/company-logo_100_100/company-logo_100_100/0/1630551561661/mci_brasil_logo?e=1779926400&v=beta&t=GAHPAS5uFSrGb-o2lymN1Q1IxZiMRhMjmY7Hir--oDw;Portfolio > Projetos > Project Manager;https://www.linkedin.com/company/mci-brasil/about/;Marketing;careers.mci-group.com;mci brasil;1.0;https://www.linkedin.com/jobs/view/4306856074/;https://www.linkedin.com/jobs/view/4306856074/;Hybrid;Liderança/Gerência, Eventos;08/05/2026;São Paulo;São Paulo;SP;Região Sudeste;Brasil;América do Sul;gerente projetos
37;MSX International;Coordenador De Projetos;São Caetano do Sul (SP);07/05 18:00;https://www.linkedin.com/jobs/view/4411817199/;https://media.licdn.com/dms/image/v2/D4E0BAQEsI7oqZ-TLFw/company-logo_100_100/company-logo_100_100/0/1688638229966/msx_international_logo?e=1779926400&v=beta&t=_n5W68dxSPxz6mpDIRU9H-dIGRvWmFdCEspbc4WwsoU;Middle > Manager;https://www.linkedin.com/company/msx-international/about/;IT;Smartrecruiters;msx international;3.0;https://www.linkedin.com/jobs/view/4411817199/;https://www.linkedin.com/jobs/view/4411817199/;Hybrid;Mid, Liderança/Gerência;08/05/2026;São Caetano do Sul;São Paulo;SP;Região Sudeste;Brasil;América do Sul;gerente projetos
38;MSX International;Coordenador de Projetos;São Caetano do Sul (SP);07/05 18:00;https://www.linkedin.com/jobs/view/4411803760/;https://media.licdn.com/dms/image/v2/D4E0BAQEsI7oqZ-TLFw/company-logo_100_100/company-logo_100_100/0/1688638229966/msx_international_logo?e=1779926400&v=beta&t=_n5W68dxSPxz6mpDIRU9H-dIGRvWmFdCEspbc4WwsoU;Middle > Manager;https://www.linkedin.com/company/msx-international/about/;IT;Smartrecruiters;msx international;3.0;https://www.linkedin.com/jobs/view/4411803760/;https://www.linkedin.com/jobs/view/4411803760/;Hybrid;Mid, Liderança/Gerência;08/05/2026;São Caetano do Sul;São Paulo;SP;Região Sudeste;Brasil;América do Sul;gerente projetos
39;Mark & Bridges Technology Inc.;Gerente De Projetos Especialista Sap;São Paulo (SP);07/05 17:00;https://www.linkedin.com/jobs/view/4411697544/;https://media.licdn.com/dms/image/v2/D4D0BAQGarICHb1YxJg/company-logo_100_100/B4DZxX6I_wJkAQ-/0/1771001385683/mbrti_logo?e=1779926400&v=beta&t=w08nOfPDf6jg5ze9hR4gitCYk7xVcMUWt_xPshkJXHQ;Middle > Manager;https://www.linkedin.com/company/mark-bridges-technology-inc/about/;IT;;mark & bridges technology inc.;1;https://www.linkedin.com/jobs/view/4411697544/;https://www.linkedin.com/jobs/view/4411697544/;On-site;Specialist, Mid, Liderança/Gerência, SAP;08/05/2026;São Paulo;São Paulo;SP;Região Sudeste;Brasil;América do Sul;gerente projetos
40;Mercado Libre;Especialista em Projetos de Tecnologia;SP;08/05 12:00;https://www.linkedin.com/jobs/view/4412118669/;https://media.licdn.com/dms/image/v2/D4D0BAQGBWvG8qkeDWA/company-logo_100_100/B4DZUUsRzCGcAU-/0/1739808906936/mercadolibre_logo?e=1779926400&v=beta&t=eN4K4n0aFX3IgAmidN3wUauku74AMAko8gJjyDArS8g;Advanced > Specialist;https://www.linkedin.com/company/mercado-libre/about/;IT;;mercado libre;1.0;https://www.linkedin.com/jobs/view/4412118669/;https://www.linkedin.com/jobs/view/4412118669/;Hybrid;Specialist, TI/Tech;08/05/2026;;São Paulo;SP;Região Sudeste;Brasil;América do Sul;gerente projetos
41;Meta;Analista de PMO II;Brasil;07/05 18:00;https://www.linkedin.com/jobs/view/4409631161/;https://media.licdn.com/dms/image/v2/C4D0BAQHXTqaueX7X5A/company-logo_100_100/company-logo_100_100/0/1675356313243/metaoficial_logo?e=1779926400&v=beta&t=Y6IKMKnuShv5kW5oNzqc2XoLE-KVE_2T1b3THCxIVmE;Produtos > Product Manager;https://www.linkedin.com/company/meta/about/;Other;recrut.ai;meta;2.0;https://www.linkedin.com/jobs/view/4409631161/;https://www.linkedin.com/jobs/view/4409631161/;On-site;Associate, PMO;08/05/2026;;;;;Brasil;América do Sul;gerente projetos
42;Meta;Gerente de Projetos I;Brasil;07/05 18:00;https://www.linkedin.com/jobs/view/4409631160/;https://media.licdn.com/dms/image/v2/C4D0BAQHXTqaueX7X5A/company-logo_100_100/company-logo_100_100/0/1675356313243/metaoficial_logo?e=1779926400&v=beta&t=Y6IKMKnuShv5kW5oNzqc2XoLE-KVE_2T1b3THCxIVmE;Middle > Manager;https://www.linkedin.com/company/meta/about/;Marketing;recrut.ai;meta;2.0;https://www.linkedin.com/jobs/view/4409631160/;https://www.linkedin.com/jobs/view/4409631160/;Remote;Mid, Liderança/Gerência;08/05/2026;;;;;Brasil;América do Sul;gerente projetos
43;Nova Corrente;Analista de Engenharia- Projetos / Contratos;Salvador (BA);07/05 16:00;https://www.linkedin.com/jobs/view/4411614301/;https://media.licdn.com/dms/image/v2/D4D0BAQG3PkhgsDaqbw/company-logo_100_100/company-logo_100_100/0/1713813715466?e=1779926400&v=beta&t=QXnf6LwRYcjT-AvG3H1PuNSGe4o4yEyoyrVxN7EzP0U;Advanced > Specialist;https://www.linkedin.com/company/nova-corrente/about/;Marketing;;nova corrente;1;https://www.linkedin.com/jobs/view/4411614301/;https://www.linkedin.com/jobs/view/4411614301/;On-site;Associate, Engenharia Geral;08/05/2026;Salvador;Bahia;BA;Região Nordeste;Brasil;América do Sul;gerente projetos
44;OLIVER Latin America;Gerente de Projetos Pleno;SP;08/05 16:00;https://www.linkedin.com/jobs/view/4412174224/;https://media.licdn.com/dms/image/v2/C4D0BAQG4BZ-bTQIesA/company-logo_100_100/company-logo_100_100/0/1630454206553?e=1779926400&v=beta&t=Nhcc3vlZTkj79MRSHPYi8t5Z3LGJZ3KZq6ELOeC34nI;Middle > Manager;https://www.linkedin.com/company/oliver-latin-america/about/;IT;Greenhouse;oliver latin america;1.0;https://www.linkedin.com/jobs/view/4412174224/;https://www.linkedin.com/jobs/view/4412174224/;On-site;Mid, Liderança/Gerência;08/05/2026;;São Paulo;SP;Região Sudeste;Brasil;América do Sul;gerente projetos
45;Objective;Gerente de Projetos PL - Remoto;Brasil;07/05 21:00;https://www.linkedin.com/jobs/view/4411743156/;https://media.licdn.com/dms/image/v2/C4E0BAQFWcdNXVCbZpQ/company-logo_100_100/company-logo_100_100/0/1630628005291/objectivebr_logo?e=1779926400&v=beta&t=FWSPHIxFUzJNLqp9cbormdNQ8mZiaoQ4o5f8yVSuyiY;Middle > Manager;https://www.linkedin.com/company/objective/about/;IT;Inhire;objective;1.0;https://www.linkedin.com/jobs/view/4411743156/;https://www.linkedin.com/jobs/view/4411743156/;Remote;Mid, Liderança/Gerência;08/05/2026;;;;;Brasil;América do Sul;gerente projetos
46;Portal Vagas Terceiro Setor;CLT: Analista de Projetos | Rede Mulher Empreendedora – São Paulo, SP (Presencial);Agudos (SP);07/05 19:00;https://www.linkedin.com/jobs/view/4411816713/;https://media.licdn.com/dms/image/v2/C4D0BAQGPmFuK6XHjBw/company-logo_100_100/company-logo_100_100/0/1648188550572?e=1779926400&v=beta&t=vPYyau38-Qd1In6i4rd33h8YtozP-1k_xUkyXAGoPPY;Advanced > Specialist;https://www.linkedin.com/company/portal-vagas-terceiro-setor/about/;Energy;Vagas.com;portal vagas terceiro setor;1.0;https://www.linkedin.com/jobs/view/4411816713/;https://www.linkedin.com/jobs/view/4411816713/;On-site;CLT/Efetivo, Associate;08/05/2026;Agudos;São Paulo;SP;Região Sudeste;Brasil;América do Sul;gerente projetos
47;Porto;Agile Master Sênior I Auto;São Paulo (SP);07/05 16:00;https://www.linkedin.com/jobs/view/4403138377/;https://media.licdn.com/dms/image/v2/C4D0BAQHdvjiq_3u9SQ/company-logo_100_100/company-logo_100_100/0/1651181402504?e=1779926400&v=beta&t=HCBzCfnkY_0kQ8LsiIdBGAUGawflUWj3cpd7GPyCkAE;Agility > Scrum Master;https://www.linkedin.com/company/porto/about/;Other;Gupy;porto;4.0;https://www.linkedin.com/jobs/view/4403138377/;https://www.linkedin.com/jobs/view/4403138377/;On-site;Senior, Scrum/Agile;08/05/2026;São Paulo;São Paulo;SP;Região Sudeste;Brasil;América do Sul;gerente projetos
48;Prolog App | Gestão de Frotas;ISM - Implementation Success Manager | Pleno;Palhoça (SC);07/05 21:00;https://www.linkedin.com/jobs/view/4410873762/;https://media.licdn.com/dms/image/v2/D4D0BAQFkUuPBaqVzJg/company-logo_100_100/B4DZvcE3jEK0AQ-/0/1768923822662/prologapp_logo?e=1779926400&v=beta&t=C4kH-PKm52As-APP64Mvkilx0Yu_cBrMSu8f6MBQxlo;Middle > Manager;https://www.linkedin.com/company/prolog-app-gest-o-de-frotas/about/;IT;;prolog app | gestão de frotas;1;https://www.linkedin.com/jobs/view/4410873762/;https://www.linkedin.com/jobs/view/4410873762/;On-site;Mid, Liderança/Gerência;08/05/2026;Palhoça;Santa Catarina;SC;Região Sul;Brasil;América do Sul;gerente projetos
49;Reframax Engenharia S.A;MAPEAMENTO - Coordenador de Projetos;Grande Belo Horizonte (MG);07/05 21:00;https://www.linkedin.com/jobs/view/4410876733/;https://media.licdn.com/dms/image/v2/D4D0BAQHkpC7SyO-yOw/company-logo_100_100/B4DZ1I6_W5IkAQ-/0/1775044917400/reframax_engenharia_s_a_logo?e=1779926400&v=beta&t=k1AhR5TL-8K_FL4Eo0YZ8gBHS6KgKG_Q_i70t2WFfFg;Middle > Manager;https://www.linkedin.com/company/reframax-engenharia-s-a/about/;Marketing;Quickin;reframax engenharia s.a;1.0;https://www.linkedin.com/jobs/view/4410876733/;https://www.linkedin.com/jobs/view/4410876733/;On-site;Mid, Liderança/Gerência;08/05/2026;;Minas Gerais;MG;Região Sudeste;Brasil;América do Sul;gerente projetos
50;Rockwell Automation;PROJECT ADMINISTRATOR;São Paulo (SP);08/05 14:00;https://www.linkedin.com/jobs/view/4411707875/;https://media.licdn.com/dms/image/v2/C560BAQFRXUKwML_TTQ/company-logo_100_100/company-logo_100_100/0/1655148418582/rockwell_automation_logo?e=1779926400&v=beta&t=qGlyX6jXgIktivA-BMG_gTxx3PKA2olTFw6qmTLmoqo;-;https://www.linkedin.com/company/rockwell-automation/about/;IT;Workday;rockwell automation;1.0;https://www.linkedin.com/jobs/view/4411707875/;https://www.linkedin.com/jobs/view/4411707875/;Hybrid;-;08/05/2026;São Paulo;São Paulo;SP;Região Sudeste;Brasil;América do Sul;gerente projetos
51;Roldão Atacadista;GERENTE DE PROJETOS - MATRIZ - SÃO PAULO/SP;São Paulo (SP);08/05 02:00;https://www.linkedin.com/jobs/view/4411011535/;https://media.licdn.com/dms/image/v2/D4D0BAQFiigMjngvysA/company-logo_100_100/company-logo_100_100/0/1705514031861/roldao_atacadista_logo?e=1779926400&v=beta&t=ymc2eSNyiDtO0YOp3wmmMg-eOzbbV20e4xYKV4xXN5w;Middle > Manager;https://www.linkedin.com/company/rold-o-atacadista/about/;Marketing;;roldão atacadista;1;https://www.linkedin.com/jobs/view/4411011535/;https://www.linkedin.com/jobs/view/4411011535/;On-site;Mid, Liderança/Gerência;08/05/2026;São Paulo;São Paulo;SP;Região Sudeste;Brasil;América do Sul;gerente projetos
52;Rotork;D365 Implementation Manager (Brazil) - 12 Month Contract;Sumaré (SP);08/05 08:00;https://www.linkedin.com/jobs/view/4411366407/;https://media.licdn.com/dms/image/v2/D4E0BAQGplYBIr49B7A/company-logo_100_100/B4EZfFKR1GHgAQ-/0/1751359495871/rotork_logo?e=1779926400&v=beta&t=H5_WQ7oBc8NdCW93ZCMbNxiCOq-fkjEQX88ozjkT6Hw;Middle > Manager;https://www.linkedin.com/company/rotork/about/;IT;;rotork;1;https://www.linkedin.com/jobs/view/4411366407/;https://www.linkedin.com/jobs/view/4411366407/;Hybrid;Freelance/PJ, Liderança/Gerência;08/05/2026;Sumaré;São Paulo;SP;Região Sudeste;Brasil;América do Sul;gerente projetos
53;SYSTRA Brasil;Analista PMO e Análise de Dados;SP;08/05 14:00;https://www.linkedin.com/jobs/view/4412104850/;https://media.licdn.com/dms/image/v2/D4D0BAQEO-Xw86YqgPw/company-logo_100_100/company-logo_100_100/0/1729619640054/systrabrasil_logo?e=1779926400&v=beta&t=KDnA-vL8CzPHdYpnpR3hHZFXFMw7zVFHCNMCqkpCgXQ;Produtos > Product Manager;https://www.linkedin.com/company/systra-brasil/about/;Data;;systra brasil;1;https://www.linkedin.com/jobs/view/4412104850/;https://www.linkedin.com/jobs/view/4412104850/;On-site;Associate, PMO, Dados/Analytics;08/05/2026;;São Paulo;SP;Região Sudeste;Brasil;América do Sul;gerente projetos
54;Senior Sistemas;Coordenador(a) de Portfólio de Projetos;Blumenau (SC);08/05 15:00;https://www.linkedin.com/jobs/view/4412146975/;https://media.licdn.com/dms/image/v2/C4E0BAQFlbJMLQgUBbQ/company-logo_100_100/company-logo_100_100/0/1631330968616?e=1779926400&v=beta&t=csyUJ9tBwBhrm7gUbNK6q3BcodNEBmJGCq0-04bhURQ;Middle > Manager;https://www.linkedin.com/company/senior-sistemas/about/;IT;Senior;senior sistemas;1.0;https://www.linkedin.com/jobs/view/4412146975/;https://www.linkedin.com/jobs/view/4412146975/;On-site;Mid, Liderança/Gerência;08/05/2026;Blumenau;Santa Catarina;SC;Região Sul;Brasil;América do Sul;gerente projetos
55;Somewhere;Project Coordinator - 58905980514;América Latina;07/05 21:00;https://www.linkedin.com/jobs/view/4411832682/;https://media.licdn.com/dms/image/v2/C560BAQEo6iv4QWT2qQ/company-logo_100_100/company-logo_100_100/0/1657197910492/shepherd_logo?e=1779926400&v=beta&t=glMdGoVFE-KQyFOOf72uB2h4nCjlAt6Swc1rYkc77b4;-;https://www.linkedin.com/company/somewhere/about/;Marketing;Recruit CRM;somewhere;3.0;https://www.linkedin.com/jobs/view/4411832682/;https://www.linkedin.com/jobs/view/4411832682/;Remote;Mid;08/05/2026;;;;;;América Latina;gerente projetos
56;Spiralyze;Project Manager;SP;08/05 03:00;https://www.linkedin.com/jobs/view/4411076381/;https://media.licdn.com/dms/image/v2/C4E0BAQHZdQ7C18-VSw/company-logo_100_100/company-logo_100_100/0/1630577185951/spiralyze_logo?e=1779926400&v=beta&t=NaX9Rvxq17pMN6MmlGQsvakylKcgsgqyCGZwS8tJ2VM;Portfolio > Projetos > Project Manager;https://www.linkedin.com/company/spiralyze/about/;Marketing;spiralyze.pinpointhq.com;spiralyze;1.0;https://www.linkedin.com/jobs/view/4411076381/;https://www.linkedin.com/jobs/view/4411076381/;Remote;Liderança/Gerência;08/05/2026;;São Paulo;SP;Região Sudeste;Brasil;América do Sul;gerente projetos
57;Stefanini Brasil;Analista SAP PM/MM;Itabira (MG);08/05 14:00;https://www.linkedin.com/jobs/view/4412142659/;https://media.licdn.com/dms/image/v2/D4D0BAQFOPyOhO4wTTg/company-logo_100_100/company-logo_100_100/0/1719784126380/stefanini_brasil_logo?e=1779926400&v=beta&t=BSy-DJXBAhSky_X2ui3c_qg3mMNS4d7kPw2PLsvu4sc;Produtos > Product Manager;https://www.linkedin.com/company/stefanini-brasil/about/;Other;Gupy;stefanini brasil;4.0;https://www.linkedin.com/jobs/view/4412142659/;https://www.linkedin.com/jobs/view/4412142659/;On-site;Associate, SAP, Product Owner/Product Manager;08/05/2026;Itabira;Minas Gerais;MG;Região Sudeste;Brasil;América do Sul;gerente projetos
58;Stefanini IHM;Estagiário de PMO (Project Management Office);Contagem (MG);07/05 19:00;https://www.linkedin.com/jobs/view/4409630306/;https://media.licdn.com/dms/image/v2/D4D0BAQEpqVmq60rX5Q/company-logo_100_100/B4DZoM8c3hKQAQ-/0/1761153765232/stefaniniihm_logo?e=1779926400&v=beta&t=3YdoF_WlTlbtqsxQcKuONIE6EI3STSe0kPqAY4m7kAw;Produtos > Product Manager;https://www.linkedin.com/company/stefanini-ihm/about/;Marketing;;stefanini ihm;1;https://www.linkedin.com/jobs/view/4409630306/;https://www.linkedin.com/jobs/view/4409630306/;On-site;Intern, PMO;08/05/2026;Contagem;Minas Gerais;MG;Região Sudeste;Brasil;América do Sul;gerente projetos
59;Subsea7;Quality Coordinator - Project Quality Assurance (QA);Rio de Janeiro (RJ);07/05 16:00;https://www.linkedin.com/jobs/view/4403125212/;https://media.licdn.com/dms/image/v2/C4E0BAQE01Ze_vsUvHA/company-logo_100_100/company-logo_100_100/0/1631351579203?e=1779926400&v=beta&t=WfOHihTXnEybr4e6QHvNy0ksUASJZs-VvbsqQicWGZk;-;https://www.linkedin.com/company/subsea7/about/;IT;careers.subsea7.com;subsea7;1.0;https://www.linkedin.com/jobs/view/4403125212/;https://www.linkedin.com/jobs/view/4403125212/;On-site;Mid, Testes / QA;08/05/2026;Rio de Janeiro;Rio de Janeiro;RJ;Região Sudeste;Brasil;América do Sul;gerente projetos
60;Teknisa Software;Coordenador de Projetos;Campinas (SP);08/05 16:00;https://www.linkedin.com/jobs/view/4412187000/;https://media.licdn.com/dms/image/v2/D4D0BAQH0GwJNgFA4Ow/company-logo_100_100/company-logo_100_100/0/1728328962101/teknisaoficial_logo?e=1779926400&v=beta&t=YKM39Ynq4J6aK4ztAohUiMdKSFIVV_XA_O5Rni3n1U8;Middle > Manager;https://www.linkedin.com/company/teknisa-software/about/;IT;Gupy;teknisa software;1.0;https://www.linkedin.com/jobs/view/4412187000/;https://www.linkedin.com/jobs/view/4412187000/;Hybrid;Mid, Liderança/Gerência;08/05/2026;Campinas;São Paulo;SP;Região Sudeste;Brasil;América do Sul;gerente projetos
61;The Dream School;Analista de Projetos Sênior;Curitiba (PR);08/05 16:00;https://www.linkedin.com/jobs/view/4411735894/;https://media.licdn.com/dms/image/v2/D560BAQEYhrToMrX8Fw/company-logo_100_100/company-logo_100_100/0/1727360973029?e=1779926400&v=beta&t=k7JGfsvhJicCq0I1a9LaigXyNbvuF-3keTdixOYyvOQ;Advanced > Specialist;https://www.linkedin.com/company/the-dream-school/about/;Marketing;LinkedIn (Easy Apply);the dream school;1.0;https://www.linkedin.com/jobs/view/4411735894/;https://www.linkedin.com/jobs/view/4411735894/;On-site;Senior, Associate;08/05/2026;Curitiba;Paraná;PR;Região Sul;Brasil;América do Sul;gerente projetos
62;The Render Pros;VEXOS Platform Manager (Remote);Brasil;07/05 17:00;https://www.linkedin.com/jobs/view/4411818107/;https://media.licdn.com/dms/image/v2/D4E0BAQHJ_6gqhbOkKQ/company-logo_100_100/B4EZsZMCusKcAQ-/0/1765654146484/the_render_pros_logo?e=1779926400&v=beta&t=PVNkk-VqrjgPFhI_T50HQegemtEI0NWyKRHTruaw_mQ;Middle > Manager;https://www.linkedin.com/company/the-render-pros/about/;Marketing;;the render pros;1;https://www.linkedin.com/jobs/view/4411818107/;https://www.linkedin.com/jobs/view/4411818107/;Remote;Liderança/Gerência;08/05/2026;;;;;Brasil;América do Sul;gerente projetos
63;The Render Pros;VEXOS Platform Manager (Remote);Brasil;07/05 17:00;https://www.linkedin.com/jobs/view/4411801429/;https://media.licdn.com/dms/image/v2/D4E0BAQHJ_6gqhbOkKQ/company-logo_100_100/B4EZsZMCusKcAQ-/0/1765654146484/the_render_pros_logo?e=1779926400&v=beta&t=PVNkk-VqrjgPFhI_T50HQegemtEI0NWyKRHTruaw_mQ;Middle > Manager;https://www.linkedin.com/company/the-render-pros/about/;Marketing;;the render pros;1;https://www.linkedin.com/jobs/view/4411801429/;https://www.linkedin.com/jobs/view/4411801429/;Remote;Liderança/Gerência;08/05/2026;;;;;Brasil;América do Sul;gerente projetos
64;The Render Pros;VEXOS Platform Manager (Remote);Brasil;07/05 16:00;https://www.linkedin.com/jobs/view/4411690865/;https://media.licdn.com/dms/image/v2/D4E0BAQHJ_6gqhbOkKQ/company-logo_100_100/B4EZsZMCusKcAQ-/0/1765654146484/the_render_pros_logo?e=1779926400&v=beta&t=PVNkk-VqrjgPFhI_T50HQegemtEI0NWyKRHTruaw_mQ;Middle > Manager;https://www.linkedin.com/company/the-render-pros/about/;Marketing;;the render pros;1;https://www.linkedin.com/jobs/view/4411690865/;https://www.linkedin.com/jobs/view/4411690865/;Remote;Liderança/Gerência;08/05/2026;;;;;Brasil;América do Sul;gerente projetos
65;Timenow;Pessoa Engenheiro de Projetos;Poços de Caldas (MG);08/05 07:00;https://www.linkedin.com/jobs/view/4411366100/;https://media.licdn.com/dms/image/v2/C4E0BAQFCHz71YNvMbQ/company-logo_100_100/company-logo_100_100/0/1630626388144/timenow_consultoria_e_gesto_de_projetos_logo?e=1779926400&v=beta&t=yDyd1miRyl3WDsrn00OTzXoguJzmsQUp25DHLMrb99M;-;https://www.linkedin.com/company/timenow/about/;IT;Gupy;timenow;1.0;https://www.linkedin.com/jobs/view/4411366100/;https://www.linkedin.com/jobs/view/4411366100/;On-site;PCD / Afirmativa;08/05/2026;Poços de Caldas;Minas Gerais;MG;Região Sudeste;Brasil;América do Sul;gerente projetos
66;Tucupy Tecnologia;Estágio em Project Management (PMO);Belém (PA);08/05 16:00;https://www.linkedin.com/jobs/view/4412163258/;https://media.licdn.com/dms/image/v2/D4D0BAQH45QX0AuY9YQ/company-logo_100_100/company-logo_100_100/0/1715309478959?e=1779926400&v=beta&t=luOcJE6TRYg6U12g8FWTG6c8ZDdn0kNERo-329TQRc0;Middle > Manager;https://www.linkedin.com/company/tucupy-tecnologia/about/;IT;;tucupy tecnologia;1;https://www.linkedin.com/jobs/view/4412163258/;https://www.linkedin.com/jobs/view/4412163258/;Hybrid;Intern, PMO;08/05/2026;Belém;Pará;PA;Região Norte;Brasil;América do Sul;gerente projetos
67;UL Solutions;Project Coordinator;SP;08/05 16:00;https://www.linkedin.com/jobs/view/4412155798/;https://media.licdn.com/dms/image/v2/C560BAQF6aPtfKvMrgQ/company-logo_100_100/company-logo_100_100/0/1656335537218/ul__logo?e=1779926400&v=beta&t=Bjf84fNwl3tKcl8dopQ_bVpoQOfJLE31kLu1vM-DPCA;-;https://www.linkedin.com/company/ul-solutions/about/;IT;;ul solutions;1;https://www.linkedin.com/jobs/view/4412155798/;https://www.linkedin.com/jobs/view/4412155798/;Hybrid;Mid;08/05/2026;;São Paulo;SP;Região Sudeste;Brasil;América do Sul;gerente projetos
68;UNDP Careers;Associado(a) de Projetos (1 vaga) (Office Based) [Open to internal & external applicants];Brasília (DF);08/05 16:00;https://www.linkedin.com/jobs/view/4412182119/;https://media.licdn.com/dms/image/v2/D560BAQEFaUrr3YwPJQ/company-logo_100_100/company-logo_100_100/0/1684836331067/undpcareers_logo?e=1779926400&v=beta&t=oDXHhtsUxeVyBDlGDBcjlh-AfJPF9lB8_3ymQ1fSrlA;-;https://www.linkedin.com/company/undp-careers/about/;Marketing;Oracle;undp careers;1.0;https://www.linkedin.com/jobs/view/4412182119/;https://www.linkedin.com/jobs/view/4412182119/;On-site;Intern;08/05/2026;;Distrito Federal;DF;Região Centro-Oeste;Brasil;América do Sul;gerente projetos
69;Utopia Design;Construction Project Manager (on-site in Ceará);Brasília (DF);07/05 16:00;https://www.linkedin.com/jobs/view/4412133681/;https://media.licdn.com/dms/image/v2/D4E0BAQEddGODcbd1gA/company-logo_100_100/company-logo_100_100/0/1688592083214/utopia_life_worth_living_logo?e=1779926400&v=beta&t=TwCVw9yev_qbVzGHRtYnSii4Z8tcyw0Wfr0NtT8mCPM;Portfolio > Projetos > Project Manager;https://www.linkedin.com/company/utopia-design/about/;Construction;people-jobs.com;utopia design;1.0;https://www.linkedin.com/jobs/view/4412133681/;https://www.linkedin.com/jobs/view/4412133681/;On-site;Liderança/Gerência;08/05/2026;;Distrito Federal;DF;Região Centro-Oeste;Brasil;América do Sul;gerente projetos
70;Utopia Design;Construction Project Manager (on-site in Ceará);Fortaleza (CE);08/05 13:00;https://www.linkedin.com/jobs/view/4412136686/;https://media.licdn.com/dms/image/v2/D4E0BAQEddGODcbd1gA/company-logo_100_100/company-logo_100_100/0/1688592083214/utopia_life_worth_living_logo?e=1779926400&v=beta&t=TwCVw9yev_qbVzGHRtYnSii4Z8tcyw0Wfr0NtT8mCPM;Portfolio > Projetos > Project Manager;https://www.linkedin.com/company/utopia-design/about/;Construction;people-jobs.com;utopia design;1.0;https://www.linkedin.com/jobs/view/4412136686/;https://www.linkedin.com/jobs/view/4412136686/;On-site;Liderança/Gerência;08/05/2026;Fortaleza;Ceará;CE;Região Nordeste;Brasil;América do Sul;gerente projetos
71;Utopia Design;Construction Project Manager (on-site in Ceará);Salvador (BA);08/05 13:00;https://www.linkedin.com/jobs/view/4412130744/;https://media.licdn.com/dms/image/v2/D4E0BAQEddGODcbd1gA/company-logo_100_100/company-logo_100_100/0/1688592083214/utopia_life_worth_living_logo?e=1779926400&v=beta&t=TwCVw9yev_qbVzGHRtYnSii4Z8tcyw0Wfr0NtT8mCPM;Portfolio > Projetos > Project Manager;https://www.linkedin.com/company/utopia-design/about/;Construction;people-jobs.com;utopia design;1.0;https://www.linkedin.com/jobs/view/4412130744/;https://www.linkedin.com/jobs/view/4412130744/;On-site;Liderança/Gerência;08/05/2026;Salvador;Bahia;BA;Região Nordeste;Brasil;América do Sul;gerente projetos
72;VINCI Energies Brasil;COORDENADOR DE PROJETOS UMS;Macaé (RJ);08/05 07:00;https://www.linkedin.com/jobs/view/4411349931/;https://media.licdn.com/dms/image/v2/C4D0BAQFSd6X42blV8A/company-logo_100_100/company-logo_100_100/0/1630515050339/vinci_energies_br_logo?e=1779926400&v=beta&t=6kysNH4cHtHLkZnrmZxACBmKP4Tes0f9vrgJ3BJlhhg;Middle > Manager;https://www.linkedin.com/company/vinci-energies-brasil/about/;Marketing;Gupy;vinci energies brasil;1.0;https://www.linkedin.com/jobs/view/4411349931/;https://www.linkedin.com/jobs/view/4411349931/;On-site;Mid, Liderança/Gerência;08/05/2026;Macaé;Rio de Janeiro;RJ;Região Sudeste;Brasil;América do Sul;gerente projetos
73;VIP Leilões;COORDENADOR DE PROJETOS;São Luís (MA);07/05 19:00;https://www.linkedin.com/jobs/view/4409630378/;https://media.licdn.com/dms/image/v2/D4D0BAQFWcIRStPIxzg/company-logo_100_100/B4DZYV09TlG4AQ-/0/1744122927887?e=1779926400&v=beta&t=zF5KbeVKooDkn6iAh0RQrigY4bpAeU8lTTkNczxXeNI;Middle > Manager;https://www.linkedin.com/company/vip-leil-es/about/;Marketing;;vip leilões;1;https://www.linkedin.com/jobs/view/4409630378/;https://www.linkedin.com/jobs/view/4409630378/;On-site;Mid, Liderança/Gerência;08/05/2026;São Luís;Maranhão;MA;Região Nordeste;Brasil;América do Sul;gerente projetos
74;Vale;1100352 - ESPECIALISTA IMPLANTAÇÃO PROJETOS - ENGENHARIA E QUALIDADE - PROJETO NORTE;Nova Lima (MG);07/05 17:00;https://www.linkedin.com/jobs/view/4410842749/;https://media.licdn.com/dms/image/v2/D4D0BAQHRBWR4s9_kBQ/company-logo_100_100/B4DZsUeqnMLQAQ-/0/1765575142219/vale_logo?e=1779926400&v=beta&t=L3py245LwqOmaOQszxmO8zrFBaH_30w2xCYI2R8aV3s;Advanced > Specialist;https://www.linkedin.com/company/vale/about/;Marketing;eightfold.ai;vale;1.0;https://www.linkedin.com/jobs/view/4410842749/;https://www.linkedin.com/jobs/view/4410842749/;On-site;Specialist, Engenharia Geral, Implementação;08/05/2026;Nova Lima;Minas Gerais;MG;Região Sudeste;Brasil;América do Sul;gerente projetos
75;Verity Group;Project Manager Pleno - REMOTO;Brasil;08/05 07:00;https://www.linkedin.com/jobs/view/4411352803/;https://media.licdn.com/dms/image/v2/D560BAQF0wKfjAB0xAg/company-logo_100_100/company-logo_100_100/0/1732730785506/veritydigital_logo?e=1779926400&v=beta&t=VyAsrLrcdaBwhAyLt02-yFyobZTcMm4SLnjNwjQ9XNc;Portfolio > Projetos > Project Manager;https://www.linkedin.com/company/verity-group/about/;IT;Gupy;verity group;1.0;https://www.linkedin.com/jobs/view/4411352803/;https://www.linkedin.com/jobs/view/4411352803/;Remote;Mid, Liderança/Gerência;08/05/2026;;;;;Brasil;América do Sul;gerente projetos
76;Virtustant;Project Manager;América Latina;08/05 10:00;https://www.linkedin.com/jobs/view/4412117139/;https://media.licdn.com/dms/image/v2/D4D0BAQFiL0VjzJJo8A/company-logo_100_100/company-logo_100_100/0/1736165963219?e=1779926400&v=beta&t=MlSs07KPdisl4nqHNVvwnlnUmNMu4MNbbqSSVLHyp4I;Portfolio > Projetos > Project Manager;https://www.linkedin.com/company/virtustant/about/;Marketing;jobs.virtustant.com;virtustant;1.0;https://www.linkedin.com/jobs/view/4412117139/;https://www.linkedin.com/jobs/view/4412117139/;Remote;Liderança/Gerência;08/05/2026;;;;;;América Latina;gerente projetos
77;Wabtec Corporation;Technical Project Manager;Contagem (MG);08/05 13:00;https://www.linkedin.com/jobs/view/4411723598/;https://media.licdn.com/dms/image/v2/D4E0BAQE-BMGfbyTJnw/company-logo_100_100/company-logo_100_100/0/1719767483469/wabtec_corporation_logo?e=1779926400&v=beta&t=cS1YgEN1MeAFQPf4vKLaQB3m9hE8hMTNheEpIV27uC0;Portfolio > Projetos > Project Manager;https://www.linkedin.com/company/wabtec-corporation/about/;IT;careers.wabtec.com;wabtec corporation;1.0;https://www.linkedin.com/jobs/view/4411723598/;https://www.linkedin.com/jobs/view/4411723598/;On-site;Liderança/Gerência, TI/Tech;08/05/2026;Contagem;Minas Gerais;MG;Região Sudeste;Brasil;América do Sul;gerente projetos
78;Wabtec Corporation;Technical Project Manager;Juiz de Fora (MG);07/05 16:00;https://www.linkedin.com/jobs/view/4411709829/;https://media.licdn.com/dms/image/v2/D4E0BAQE-BMGfbyTJnw/company-logo_100_100/company-logo_100_100/0/1719767483469/wabtec_corporation_logo?e=1779926400&v=beta&t=cS1YgEN1MeAFQPf4vKLaQB3m9hE8hMTNheEpIV27uC0;Portfolio > Projetos > Project Manager;https://www.linkedin.com/company/wabtec-corporation/about/;IT;careers.wabtec.com;wabtec corporation;1.0;https://www.linkedin.com/jobs/view/4411709829/;https://www.linkedin.com/jobs/view/4411709829/;On-site;Liderança/Gerência, TI/Tech;08/05/2026;Juiz de Fora;Minas Gerais;MG;Região Sudeste;Brasil;América do Sul;gerente projetos
79;Zendesk;Manager, AI Services Consulting;São Paulo (SP);07/05 16:00;https://www.linkedin.com/jobs/view/4379336278/;https://media.licdn.com/dms/image/v2/D4E0BAQH_bC13eyDqjw/company-logo_100_100/company-logo_100_100/0/1684356295421/zendesk_logo?e=1779926400&v=beta&t=xN9tYnwNLstgY8y_H7uyh9AWeHzdyP1XjO4pz4CijNU;Middle > Manager;https://www.linkedin.com/company/zendesk/about/;AI;Workday;zendesk;5.0;https://www.linkedin.com/jobs/view/4379336278/;https://www.linkedin.com/jobs/view/4379336278/;Hybrid;Inteligência Artificial, Liderança/Gerência;08/05/2026;São Paulo;São Paulo;SP;Região Sudeste;Brasil;América do Sul;gerente projetos
80;abler Vagas;Gerente de Projetos (Marketing Digital);Indaiatuba (SP);08/05 13:00;https://www.linkedin.com/jobs/view/4412137456/;https://media.licdn.com/dms/image/v2/D4D0BAQGMAPERRvd2YA/company-logo_100_100/B4DZVr.XUYHIAQ-/0/1741273265821/abler_vagas_br_logo?e=1779926400&v=beta&t=XUYsOUVWTDsUssPKa7KPbJ-0Pdw2y5J1uXYFKwKEAeg;Middle > Manager;https://www.linkedin.com/company/abler-vagas/about/;Energy;ats.abler.com.br;abler vagas;1.0;https://www.linkedin.com/jobs/view/4412137456/;https://www.linkedin.com/jobs/view/4412137456/;On-site;Mid, Liderança/Gerência, TI/Tech, Marketing/Mídia;08/05/2026;Indaiatuba;São Paulo;SP;Região Sudeste;Brasil;América do Sul;gerente projetos
81;ePS (eProductivity Software);Senior Project Manager;SP;07/05 16:00;https://www.linkedin.com/jobs/view/4402152528/;https://media.licdn.com/dms/image/v2/D4D0BAQGiVFTAwywGjg/company-logo_100_100/B4DZuYj.apLgAQ-/0/1767791127285/eproductivitysoftware_logo?e=1779926400&v=beta&t=1_fe5xBx_3AxbUFZmxdGN1ICB63pTAA1wsd-Sdzy5VY;Portfolio > Projetos > Project Manager;https://www.linkedin.com/company/eps-eproductivity-software/about/;IT;epack.rec.pro.ukg.net;eps (eproductivity software);1.0;https://www.linkedin.com/jobs/view/4402152528/;https://www.linkedin.com/jobs/view/4402152528/;Hybrid;Senior, Liderança/Gerência;08/05/2026;;São Paulo;SP;Região Sudeste;Brasil;América do Sul;gerente projetos
82;liveSEO;Analista de gestão de projetos;Maringá (PR);08/05 09:00;https://www.linkedin.com/jobs/view/4411367732/;https://media.licdn.com/dms/image/v2/C4D0BAQEfzxRkV-tQ-w/company-logo_100_100/company-logo_100_100/0/1630529711842/agencialiveseo_logo?e=1779926400&v=beta&t=rKuX5j6sIY9kJMRWK8ZWu1kQ_X0hpKIgrWV5oEXAH_E;Advanced > Specialist;https://www.linkedin.com/company/liveseo/about/;Marketing;;liveseo;1;https://www.linkedin.com/jobs/view/4411367732/;https://www.linkedin.com/jobs/view/4411367732/;On-site;Associate;08/05/2026;Maringá;Paraná;PR;Região Sul;Brasil;América do Sul;gerente projetos
83;tiê talent advisory;Gerente de Projetos e Desenvolvimento;São Caetano do Sul (SP);07/05 16:00;https://www.linkedin.com/jobs/view/4411749292/;https://media.licdn.com/dms/image/v2/D4D0BAQGBtD1xKWA01w/company-logo_100_100/B4DZmqB9IgIgAQ-/0/1759494263884/ti_talent_advisory_logo?e=1779926400&v=beta&t=bo4XMBYF5w2lZmRvcKbiZLQfxaGO9iTCJeZb6jGkSR4;Middle > Manager;https://www.linkedin.com/company/ti-talent-advisory/about/;IT;;tiê talent advisory;1;https://www.linkedin.com/jobs/view/4411749292/;https://www.linkedin.com/jobs/view/4411749292/;Remote;Mid, Liderança/Gerência;08/05/2026;São Caetano do Sul;São Paulo;SP;Região Sudeste;Brasil;América do Sul;gerente projetos
